country,iso2,iso3,currency,ppp_year,ppp,fx2024,price_level,flag
Afghanistan,AF,AFG,AFN,2023,14.8009414284672,70.233314185,0.2107,
Albania,AL,ALB,ALL,2024,39.6673837913105,92.668536392,0.4281,
Algeria,DZ,DZA,DZD,2024,43.7670017603446,134.203873092,0.3261,
American Samoa,AS,ASM,USD,,,1,,no World Bank PPP
Andorra,AD,AND,EUR,2024,0.607839175148891,0.926404983,0.6561,
Angola,AO,AGO,AOA,2024,265.840925124981,882.817142168,0.3011,
Anguilla,AI,AIA,XCD,,,2.701791065,,no World Bank PPP
Antigua & Barbuda,AG,ATG,XCD,2024,1.90391952523762,2.701791065,0.7047,
Argentina,AR,ARG,ARS,2024,419.901039679183,932.198441004,0.4504,
Armenia,AM,ARM,AMD,2024,147.231105454721,389.531026491,0.378,
Aruba,AW,ABW,AWG,2024,1.39592218185229,1.79,0.7798,
Australia,AU,AUS,AUD,2024,1.366527,1.518557254,0.8999,
Austria,AT,AUT,EUR,2024,0.710451,0.926404983,0.7669,
Azerbaijan,AZ,AZE,AZN,2024,0.49354478660225,1.70056365,0.2902,
Bahamas,BS,BHS,BSD,2024,0.957704490977285,1,0.9577,
Bahrain,BH,BHR,BHD,2024,0.166560122951055,0.376,0.443,
Bangladesh,BD,BGD,BDT,2024,29.8787873077242,116.761989875,0.2559,
Barbados,BB,BRB,BBD,2024,2.13877200243175,2,1.0694,
Belarus,BY,BLR,BYN,2024,0.817945059163395,3.271455309,0.25,
Belgium,BE,BEL,EUR,2024,0.704288,0.926404983,0.7602,
Belize,BZ,BLZ,BZD,,,2.0193585450000002,,no World Bank PPP
Benin,BJ,BEN,XOF,2024,203.098489252852,607.681834032,0.3342,
Bermuda,BM,BMU,BMD,2024,1.14971520694886,1,1.1497,
Bhutan,BT,BTN,INR,2023,19.5166039945984,83.815936965,0.2329,
Bolivia,BO,BOL,BOB,2024,2.37235000544932,6.926640066,0.3425,
Bosnia,BA,BIH,BAM,2024,0.675500053313931,1.81189066,0.3728,
Botswana,BW,BWA,BWP,2024,5.08218196380313,13.519780892,0.3759,
Bouvet Island,BV,BVT,NOK,,,10.818263922,,no World Bank PPP
Brazil,BR,BRA,BRL,2024,2.48731718948001,5.45137576,0.4563,
British Indian Ocean Territory,IO,IOT,USD,,,1,,no World Bank PPP
British Virgin Islands,VG,VGB,USD,2017,1.02022969722748,1,,"PPP 2017: too old, price level not used"
Brunei,BN,BRN,BND,2024,0.492817644064286,1.336400184,0.3688,
Bulgaria,BG,BGR,EUR,2024,0.757951749098367,0.926404983,0.8182,
Burkina Faso,BF,BFA,XOF,2024,205.610818525697,607.681834032,0.3384,
Burundi,BI,BDI,BIF,2024,875.87514263987,2886.048163298,0.3035,
Cambodia,KH,KHM,KHR,2024,1343.28353426878,4066.34313635,0.3303,
Cameroon,CM,CMR,XAF,2024,198.536346180777,607.681834032,0.3267,
Canada,CA,CAN,CAD,2024,1.150472,1.377496839,0.8352,
Cape Verde,CV,CPV,CVE,2024,47.2731098785268,102.154677575,0.4628,
Caribbean Netherlands,BQ,BES,USD,,,1,,no World Bank PPP
Cayman Islands,KY,CYM,KYD,2023,0.934313420987657,0.821274977,1.1376,
Central African Republic,CF,CAF,XAF,2024,247.78023515424,607.681834032,0.4077,
Chad,TD,TCD,XAF,2024,212.580975482862,607.681834032,0.3498,
Chile,CL,CHL,CLP,,,940.59542758,,no World Bank PPP
China,CN,CHN,CNY,2024,3.5325492491585,7.200849707,0.4906,
Christmas Island,CX,CXR,AUD,,,1.518557254,,no World Bank PPP
Cocos Islands,CC,CCK,AUD,,,1.518557254,,no World Bank PPP
Colombia,CO,COL,COP,2024,1443.718515,4088.3367260649998,0.3531,
Comoros,KM,COM,KMF,2024,190.919893997601,455.761375526,0.4189,
Congo - Brazzaville,CG,COG,XAF,2024,214.20757379411,607.681834032,0.3525,
Congo - Kinshasa,CD,COD,CDF,2024,1006.63613613611,2821.896324707,0.3567,
Cook Islands,CK,COK,NZD,,,1.662468254,,no World Bank PPP
Costa Rica,CR,CRI,CRC,2024,307.792355,515.002075945,0.5977,
Croatia,HR,HRV,EUR,2024,0.44841971235566,0.926404983,0.484,
Cuba,CU,CUB,CUP,,,23.985592384,,no World Bank PPP
Curaçao,CW,CUW,XCG,2024,1.25013046369671,,,no 2024 FX average
Cyprus,CY,CYP,EUR,2024,0.56709589608174,0.926404983,0.6121,
Czechia,CZ,CZE,CZK,2024,12.823227,23.278156989,0.5509,
Côte d’Ivoire,CI,CIV,XOF,2024,215.672888731457,607.681834032,0.3549,
Denmark,DK,DNK,DKK,2024,6.050211,6.911804583,0.8753,
Djibouti,DJ,DJI,DJF,2024,80.8413593974005,178.176634434,0.4537,
Dominica,DM,DMA,XCD,2024,1.31893659155379,2.701791065,0.4882,
Dominican Republic,DO,DOM,DOP,2024,23.5211016601759,59.626671746,0.3945,
Ecuador,EC,ECU,USD,2024,0.434001889105821,1,0.434,
Egypt,EG,EGY,EGP,2024,6.24782044764882,48.432540291,0.129,
El Salvador,SV,SLV,SVC,2024,0.420661059675436,8.75,,price level 0.05 implausible (currency / inflation): not used
Equatorial Guinea,GQ,GNQ,XAF,2024,232.828458225939,607.681834032,0.3831,
Eritrea,ER,ERI,ERN,2021,4.93847894668579,15,,"PPP 2021: too old, price level not used"
Estonia,EE,EST,EUR,2024,0.576166,0.926404983,0.6219,
Eswatini,SZ,SWZ,SZL,2024,6.06939955235508,18.191628042,0.3336,
Ethiopia,ET,ETH,ETB,2024,27.1439173234342,87.387972312,0.3106,
Falkland Islands,FK,FLK,FKP,,,0.783071605,,no World Bank PPP
Faroe Islands,FO,FRO,DKK,2024,6.23885052437826,6.911804583,0.9026,
Fiji,FJ,FJI,FJD,2024,0.943380395118387,2.2573543750000002,0.4179,
Finland,FI,FIN,EUR,2024,0.753945,0.926404983,0.8138,
France,FR,FRA,EUR,2024,0.681239,0.926404983,0.7354,
French Guiana,GF,GUF,EUR,,,0.926404983,,no World Bank PPP
French Polynesia,PF,PYF,XPF,,,110.549520753,,no World Bank PPP
French Southern Territories,TF,ATF,EUR,,,0.926404983,,no World Bank PPP
Gabon,GA,GAB,XAF,2024,231.994789334726,607.681834032,0.3818,
Gambia,GM,GMB,GMD,2024,16.9791581265962,69.169296877,0.2455,
Georgia,GE,GEO,GEL,2024,0.888955306771079,2.735097158,0.325,
Germany,DE,DEU,EUR,2024,0.700862,0.926404983,0.7565,
Ghana,GH,GHA,GHS,2024,4.23340273263268,14.865850384,0.2848,
Gibraltar,GI,GIB,GIP,,,0.783071605,,no World Bank PPP
Greece,GR,GRC,EUR,2024,0.515086,0.926404983,0.556,
Greenland,GL,GRL,DKK,2023,5.11209384052967,6.911804583,0.7396,
Grenada,GD,GRD,XCD,2024,1.56626237427165,2.701791065,0.5797,
Guadeloupe,GP,GLP,EUR,,,0.926404983,,no World Bank PPP
Guam,GU,GUM,USD,,,1,,no World Bank PPP
Guatemala,GT,GTM,GTQ,2024,3.32078331028962,7.754497292,0.4282,
Guernsey,GG,GGY,GBP,,,0.783071605,,no World Bank PPP
Guinea,GN,GIN,GNF,2024,3185.82499261202,8617.704952745,0.3697,
Guinea-Bissau,GW,GNB,XOF,2024,195.885394476863,607.681834032,0.3223,
Guyana,GY,GUY,GYD,2024,77.19150912571,209.121093503,0.3691,
Haiti,HT,HTI,HTG,2024,88.7402552926905,132.797306452,0.6682,
Heard & McDonald Islands,HM,HMD,AUD,,,1.518557254,,no World Bank PPP
Honduras,HN,HND,HNL,2024,11.3509098940535,24.872967423,0.4564,
Hong Kong,HK,HKG,HKD,,,7.800547276,,no World Bank PPP
Hungary,HU,HUN,HUF,2024,175.578089,367.898827798,0.4772,
Iceland,IS,ISL,ISK,2024,141.758111,138.340558068,1.0247,
India,IN,IND,INR,2024,20.4219876045922,83.815936965,0.2437,
Indonesia,ID,IDN,IDR,2024,4747.90857563225,15896.795736594,0.2987,
Iran,IR,IRN,IRR,2024,118268.070633131,41990.011295047,2.8166,
Iraq,IQ,IRQ,IQD,2024,545.873856082559,1309.973692664,0.4167,
Ireland,IE,IRL,EUR,2024,0.740894,0.926404983,0.7998,
Isle of Man,IM,IMN,GBP,,,0.783071605,,no World Bank PPP
Israel,IL,ISR,ILS,2024,3.50198,3.6987931179999998,0.9468,
Italy,IT,ITA,EUR,2024,0.599627,0.926404983,0.6473,
Jamaica,JM,JAM,JMD,2024,94.1020890725982,156.633234253,0.6008,
Japan,JP,JPN,JPY,2024,94.462599,152.20488084800002,0.6206,
Jersey,JE,JEY,GBP,,,0.783071605,,no World Bank PPP
Jordan,JO,JOR,JOD,2024,0.302994117340261,0.709,0.4274,
Kazakhstan,KZ,KAZ,KZT,2024,162.334081288311,473.059040487,0.3432,
Kenya,KE,KEN,KES,2024,43.2712900869078,129.586661589,0.3339,
Kiribati,KI,KIR,AUD,2024,0.936735709636135,1.518557254,0.6169,
Kuwait,KW,KWT,KWD,2024,0.191333746031327,0.30715379,0.6229,
Kyrgyzstan,KG,KGZ,KGS,2024,26.3240076204654,86.921935312,0.3028,
Laos,LA,LAO,LAK,2024,4381.7249520295,21730.076867384,0.2016,
Latvia,LV,LVA,EUR,2024,0.496528,0.926404983,0.536,
Lebanon,LB,LBN,LBP,2023,23736.790355749,90230.44447614001,0.2631,
Lesotho,LS,LSO,LSL,2024,5.93562011325191,18.191628042,0.3263,
Liberia,LR,LBR,LRD,2024,0.455092288485533,192.127004577,,price level 0.00 implausible (currency / inflation): not used
Libya,LY,LBY,LYD,2024,2.21923878847227,4.835689103,0.4589,
Liechtenstein,LI,LIE,CHF,,,0.885177129,,no World Bank PPP
Lithuania,LT,LTU,EUR,2024,0.49104,0.926404983,0.53,
Luxembourg,LU,LUX,EUR,2024,0.815579,0.926404983,0.8804,
Macao,MO,MAC,MOP,2024,4.55805241034254,8.034563696,0.5673,
Madagascar,MG,MDG,MGA,2024,1309.39787463694,4539.899740839,0.2884,
Malawi,MW,MWI,MWK,2024,489.016043071952,1729.709467495,0.2827,
Malaysia,MY,MYS,MYR,2024,1.40132714240358,4.556388986,0.3076,
Maldives,MV,MDV,MVR,2024,7.86384927688972,15.428567373,0.5097,
Mali,ML,MLI,XOF,2024,200.230096581045,607.681834032,0.3295,
Malta,MT,MLT,EUR,2024,0.580522225637102,0.926404983,0.6266,
Marshall Islands,MH,MHL,USD,2024,0.942852652244908,1,0.9429,
Martinique,MQ,MTQ,EUR,,,0.926404983,,no World Bank PPP
Mauritania,MR,MRT,MRU,2024,11.3448905855963,39.761641533,0.2853,
Mauritius,MU,MUS,MUR,2024,17.4796592721433,46.439555434,0.3764,
Mayotte,YT,MYT,EUR,,,0.926404983,,no World Bank PPP
Mexico,MX,MEX,MXN,2024,9.916562,18.438340854,0.5378,
Micronesia,FM,FSM,USD,2024,0.958397910812363,1,0.9584,
Moldova,MD,MDA,MDL,2024,7.2411629601227,17.717822273,0.4087,
Monaco,MC,MCO,EUR,,,0.926404983,,no World Bank PPP
Mongolia,MN,MNG,MNT,2024,1195.34284153461,3396.1801788519997,0.352,
Montenegro,ME,MNE,EUR,2024,0.359929249277126,0.926404983,0.3885,
Montserrat,MS,MSR,XCD,,,2.701791065,,no World Bank PPP
Morocco,MA,MAR,MAD,2024,3.96453983304242,9.920130111,0.3996,
Mozambique,MZ,MOZ,MZN,2024,24.6111381541877,63.830607889,0.3856,
Myanmar,MM,MMR,MMK,2024,475.868546974899,2098.389352563,0.2268,
Namibia,NA,NAM,NAD,2024,6.92131935400361,18.191628042,0.3805,
Nauru,NR,NRU,AUD,2024,1.46463963215346,1.518557254,0.9645,
Nepal,NP,NPL,NPR,2024,33.5637990824022,134.168361096,0.2502,
Netherlands,NL,NLD,EUR,2024,0.731421,0.926404983,0.7895,
New Caledonia,NC,NCL,XPF,,,110.549520753,,no World Bank PPP
New Zealand,NZ,NZL,NZD,2024,1.463912,1.662468254,0.8806,
Nicaragua,NI,NIC,NIO,2024,11.9751457059146,36.74983615,0.3259,
Niger,NE,NER,XOF,2024,217.484010909486,607.681834032,0.3579,
Nigeria,NG,NGA,NGN,2024,176.331472743819,1540.069273051,0.1145,
Niue,NU,NIU,NZD,,,1.662468254,,no World Bank PPP
Norfolk Island,NF,NFK,AUD,,,1.518557254,,no World Bank PPP
North Korea,KP,PRK,KPW,,,899.982910228,,no World Bank PPP
North Macedonia,MK,MKD,MKD,2024,19.575621107299,56.98616816,0.3435,
Northern Mariana Islands,MP,MNP,USD,,,1,,no World Bank PPP
Norway,NO,NOR,NOK,2024,9.142143,10.818263922,0.8451,
Oman,OM,OMN,OMR,2024,0.186862455706877,0.384987095,0.4854,
Pakistan,PK,PAK,PKR,2024,66.9591494127257,278.328783739,0.2406,
Palau,PW,PLW,USD,2023,0.85631333549309,1,0.8563,
Panama,PA,PAN,PAB,2024,0.463173466609024,1,0.4632,
Papua New Guinea,PG,PNG,PGK,2024,2.37637373433914,3.884249824,0.6118,
Paraguay,PY,PRY,PYG,2024,2618.66324027055,7617.051348559,0.3438,
Peru,PE,PER,PEN,2024,1.78230274124247,3.739342069,0.4766,
Philippines,PH,PHL,PHP,2024,19.35653268202,57.544266469,0.3364,
Pitcairn,PN,PCN,NZD,,,1.662468254,,no World Bank PPP
Poland,PL,POL,PLN,2024,1.949414,3.978479924,0.49,
Portugal,PT,PRT,EUR,2024,0.515993,0.926404983,0.557,
Puerto Rico,PR,PRI,USD,2024,0.782993024701742,1,0.783,
Qatar,QA,QAT,QAR,2024,2.21463640986909,3.64,0.6084,
Romania,RO,ROU,RON,2024,1.88148626695853,4.608341604,0.4083,
Russia,RU,RUS,RUB,2024,29.0629745679481,93.006643401,0.3125,
Rwanda,RW,RWA,RWF,2024,355.085581602396,1324.304830794,0.2681,
Réunion,RE,REU,EUR,,,0.926404983,,no World Bank PPP
Samoa,WS,WSM,WST,2024,1.70117853616414,2.746093539,0.6195,
San Marino,SM,SMR,EUR,2023,0.703169345202151,0.926404983,0.759,
Saudi Arabia,SA,SAU,SAR,2024,1.84526161631689,3.75,0.4921,
Senegal,SN,SEN,XOF,2024,212.040442650725,607.681834032,0.3489,
Serbia,RS,SRB,RSD,2024,45.078998701649,108.486096059,0.4155,
Seychelles,SC,SYC,SCR,2024,7.80668759041487,14.390021626,0.5425,
Sierra Leone,SL,SLE,SLE,2024,5.17268406300254,22.626054858,0.2286,
Singapore,SG,SGP,SGD,2024,0.804049648989492,1.336400184,0.6017,
Sint Maarten,SX,SXM,XCG,2024,1.38065436506043,,,no 2024 FX average
Slovakia,SK,SVK,EUR,,,0.926404983,,no World Bank PPP
Slovenia,SI,SVN,EUR,2024,0.550461,0.926404983,0.5942,
Solomon Islands,SB,SLB,SBD,2024,6.11160632540053,8.353184827,0.7316,
Somalia,SO,SOM,SOS,2024,11049.7242096074,571.1301517429999,,price level 19.35 implausible (currency / inflation): not used
South Africa,ZA,ZAF,ZAR,2024,7.43191283878561,18.191628042,0.4085,
South Korea,KR,KOR,KRW,2024,809.26722,1372.886422917,0.5895,
South Sudan,SS,SSD,SSP,2021,126.743049621582,,,no 2024 FX average
Spain,ES,ESP,EUR,2024,0.562107,0.926404983,0.6068,
Sri Lanka,LK,LKA,LKR,2024,87.2686054398767,298.681790652,0.2922,
St. Barthélemy,BL,BLM,EUR,,,0.926404983,,no World Bank PPP
St. Helena,SH,SHN,SHP,,,0.783071605,,no World Bank PPP
St. Kitts & Nevis,KN,KNA,XCD,2024,1.85652998326696,2.701791065,0.6871,
St. Lucia,LC,LCA,XCD,2024,1.38897762585527,2.701791065,0.5141,
St. Martin,MF,MAF,EUR,,,0.926404983,,no World Bank PPP
St. Pierre & Miquelon,PM,SPM,EUR,,,0.926404983,,no World Bank PPP
St. Vincent & Grenadines,VC,VCT,XCD,2024,1.45981547183907,2.701791065,0.5403,
Sudan,SD,SDN,SDG,2024,729.476687377877,596.019758185,1.2239,
Suriname,SR,SUR,SRD,2024,10.5958917756902,32.523102166,0.3258,
Svalbard & Jan Mayen,SJ,SJM,NOK,,,10.818263922,,no World Bank PPP
Sweden,SE,SWE,SEK,2024,8.490485,10.622680242,0.7993,
Switzerland,CH,CHE,CHF,2024,0.948875,0.885177129,1.072,
Syria,SY,SYR,SYP,2023,1757.52068232787,13001.510392441,0.1352,
São Tomé & Príncipe,ST,STP,STN,2024,12.7576056454318,22.79589432,0.5596,
Taiwan,TW,TWN,TWD,,,32.290808632,,no World Bank PPP
Tajikistan,TJ,TJK,TJS,2024,2.67931126140168,10.766736,0.2489,
Tanzania,TZ,TZA,TZS,2024,730.424331119855,2640.916430611,0.2766,
Thailand,TH,THA,THB,2024,10.4923732985879,35.2692068,0.2975,
Timor-Leste,TL,TLS,USD,2024,0.301161456791842,1,0.3012,
Togo,TG,TGO,XOF,2024,201.675895153365,607.681834032,0.3319,
Tokelau,TK,TKL,NZD,,,1.662468254,,no World Bank PPP
Tonga,TO,TON,TOP,2023,1.71055911954168,2.360240459,0.7247,
Trinidad & Tobago,TT,TTO,TTD,2024,3.48081488254357,6.792250497,0.5125,
Tunisia,TN,TUN,TND,2024,0.896141941458351,3.103317654,0.2888,
Turkmenistan,TM,TKM,TMT,2024,1.5118910193265,3.5002251,0.4319,
Turks & Caicos Islands,TC,TCA,USD,2024,0.988206691271252,1,0.9882,
Tuvalu,TV,TUV,AUD,2024,1.57916853769056,1.518557254,1.0399,
U.S. Outlying Islands,UM,UMI,USD,,,1,,no World Bank PPP
U.S. Virgin Islands,VI,VIR,USD,2022,0.890102631117342,1,,"PPP 2022: too old, price level not used"
United Kingdom,GB,GBR,GBP,2024,0.664153,0.783071605,0.8481,
United States,US,USA,USD,2024,1.0,1,1.0,
Uganda,UG,UGA,UGX,2024,1244.29989240795,3736.248511374,0.333,
Ukraine,UA,UKR,UAH,2024,11.6654001366924,40.611340446999996,0.2872,
United Arab Emirates,AE,ARE,AED,2024,2.33033434270159,3.6725,0.6345,
Uruguay,UY,URY,UYU,2024,26.3976838152141,40.57157926,0.6506,
Uzbekistan,UZ,UZB,UZS,2024,3367.64393969072,12709.130340279,0.265,
Vanuatu,VU,VUT,VUV,2024,112.727226133825,120.05971643,0.9389,
Vatican City,VA,VAT,EUR,,,0.926404983,,no World Bank PPP
Venezuela,VE,VEN,VES,2011,2.68098258972168e-11,38.972736657,,"PPP 2011: too old, price level not used"
Vietnam,VN,VNM,VND,2024,6956.92750425086,25121.588999773,0.2769,
Wallis & Futuna,WF,WLF,XPF,,,110.549520753,,no World Bank PPP
Western Sahara,EH,ESH,MAD,,,9.920130111,,no World Bank PPP
Yemen,YE,YEM,YER,2013,93.6313171386719,250.22535281700002,,"PPP 2013: too old, price level not used"
Zambia,ZM,ZMB,ZMW,2024,7.3696780609959,26.141474596,0.2819,
Zimbabwe,ZW,ZWE,ZWG,2024,8.34539184866139,19.889891566666666,0.4196,
Åland Islands,AX,ALA,EUR,,,0.926404983,,no World Bank PPP
