currency,usd_per_1,local_per_usd,date
AED,0.27229407760381213,3.6725,2026-09-25
AFN,0.015623255665946032,64.00714559,2026-09-25
ALL,0.012421498844505597,80.5055825,2026-09-25
AMD,0.0027537527090053635,363.14081389,2026-09-25
AOA,0.0010908977363852902,916.67620772,2026-09-25
ARS,0.0006579611408993033,1519.84659555,2026-09-25
AUD,0.701302771587125,1.42591765,2026-09-25
AWG,0.5586592178770949,1.79,2026-09-25
AZN,0.5882353460207659,1.69999985,2026-09-25
BAM,0.5813211425174121,1.72021956,2026-09-25
BBD,0.5,2,2026-09-25
BDT,0.008119425985338595,123.16141582,2026-09-25
BHD,2.6595744680851063,0.376,2026-09-25
BIF,0.0003325316813245021,3007.23226135,2026-09-25
BMD,1.0,1,2026-09-25
BND,0.78162734281267,1.27938206,2026-09-25
BOB,0.0816669011595622,12.2448628,2026-09-25
BRL,0.19261088220859346,5.19181465,2026-09-25
BSD,1.0,1,2026-09-25
BWP,0.07336110063219112,13.63120225,2026-09-25
BYN,0.32851040959311895,3.04404357,2026-09-25
BZD,0.496645129865823,2.01351013,2026-09-25
CAD,0.7067843244877368,1.41485877,2026-09-25
CDF,0.00043285801311308906,2310.22637841,2026-09-25
CHF,1.2059030788683285,0.82925404,2026-09-25
CLP,0.0010381591429864203,963.24345526,2026-09-25
CNY,0.14896535043306194,6.71297048,2026-09-25
COP,0.00029805521574671274,3355.08304223,2026-09-25
CRC,0.002205432536083318,453.42579455,2026-09-25
CUP,0.04166520829757373,24.00084005,2026-09-25
CVE,0.010310740262543958,96.98624682,2026-09-25
CZK,0.04659110164293163,21.46332593,2026-09-25
DJF,0.005616497822612356,178.04689534,2026-09-25
DKK,0.15209236115249183,6.57495217,2026-09-25
DOP,0.016832790590776685,59.40785603,2026-09-25
DZD,0.0074805900844815525,133.67929384,2026-09-25
EGP,0.019312297722293585,51.78047762,2026-09-25
ERN,0.06666666666666667,15,2026-09-25
ETB,0.006133024045813859,163.05170052,2026-09-25
EUR,1.1369653235808996,0.8795343,2026-09-25
FJD,0.4449898002107935,2.24724252,2026-09-25
FKP,1.3211496036121815,0.75691655,2026-09-25
GBP,1.3211496036121815,0.75691655,2026-09-25
GEL,0.38448847679960774,2.60085818,2026-09-25
GHS,0.08624165669753361,11.59532456,2026-09-25
GIP,1.3211496036121815,0.75691655,2026-09-25
GMD,0.013509168627153807,74.02380025,2026-09-25
GNF,0.00011359482207576389,8803.2181549,2026-09-25
GTQ,0.1309511292310691,7.63643663,2026-09-25
GYD,0.004780373275137421,209.18868516,2026-09-25
HKD,0.12749329554194067,7.8435497,2026-09-25
HNL,0.03726550666885694,26.83446676,2026-09-25
HTG,0.0076437350750507066,130.82609355,2026-09-25
HUF,0.0031071166028764454,321.84179991,2026-09-25
IDR,5.57434076641774e-05,17939.3410253,2026-09-25
ILS,0.32828156804636427,3.04616554,2026-09-25
INR,0.010424000415695795,95.93245972,2026-09-25
IQD,0.0007633046137847357,1310.09295888,2026-09-25
IRR,7.27382583563906e-07,1374792.33431789,2026-09-25
ISK,0.008286402861903595,120.67962621,2026-09-25
JMD,0.00634032756542542,157.72055776,2026-09-25
JOD,1.4104372355430184,0.709,2026-09-25
JPY,0.0063142523588092395,158.37187733,2026-09-25
KES,0.007719800143517616,129.53703223,2026-09-25
KGS,0.011433959555911912,87.45876659,2026-09-25
KHR,0.0002459577874474218,4065.73831379,2026-09-25
KMF,0.002311056626794579,432.70250863,2026-09-25
KPW,0.001110935068056955,900.14261747,2026-09-25
KRW,0.0007346068217462641,1361.27241185,2026-09-25
KWD,3.2380385076605838,0.30882894,2026-09-25
KYD,1.202521475891164,0.83158598,2026-09-25
KZT,0.002262602662358586,441.96889566,2026-09-25
LAK,4.46211092409423e-05,22410.91754578,2026-09-25
LBP,1.1128497235399323e-05,89859.39240916,2026-09-25
LKR,0.003030002882441136,330.03268934,2026-09-25
LRD,0.005814292544447299,171.98996995,2026-09-25
LSL,0.06087436266239165,16.42727671,2026-09-25
LYD,0.15637739382123517,6.3947862,2026-09-25
MAD,0.10398143511298234,9.61710135,2026-09-25
MDL,0.05685783489220828,17.58772563,2026-09-25
MGA,0.00022812251472904404,4383.60940036,2026-09-25
MKD,0.01851731221850144,54.0035178,2026-09-25
MMK,0.0004763094177785916,2099.47559858,2026-09-25
MNT,0.00027793678903413886,3597.94039312,2026-09-25
MOP,0.12377989859972988,8.07885619,2026-09-25
MRU,0.02498221562911018,40.02847525,2026-09-25
MUR,0.021070797187850446,47.45904918,2026-09-25
MVR,0.06468548795082231,15.45941805,2026-09-25
MWK,0.0005767934221164161,1733.72296156,2026-09-25
MXN,0.05637097374794452,17.73962615,2026-09-25
MYR,0.24522155575063148,4.07794493,2026-09-25
MZN,0.01565792479678191,63.86542361,2026-09-25
NAD,0.06087436266239165,16.42727671,2026-09-25
NGN,0.0007536585697645595,1326.86078301,2026-09-25
NIO,0.027177405325292236,36.79527122,2026-09-25
NOK,0.10494640280688054,9.52867343,2026-09-25
NPR,0.00651194778457392,153.56388489,2026-09-25
NZD,0.5651710779917719,1.76937575,2026-09-25
OMR,2.5990337780046215,0.38475837,2026-09-25
PAB,1.0,1,2026-09-25
PEN,0.29492100406717003,3.39073849,2026-09-25
PGK,0.2246764852956902,4.45084406,2026-09-25
PHP,0.015979032474655402,62.58201187,2026-09-25
PKR,0.003609427294749717,277.05226296,2026-09-25
PLN,0.25950886209139823,3.85343295,2026-09-25
PYG,0.00016867453131994565,5928.57731499,2026-09-25
QAR,0.2747252747252747,3.64,2026-09-25
RON,0.21547340275826038,4.64094402,2026-09-25
RSD,0.00967988336946266,103.30702983,2026-09-25
RUB,0.011762897782425138,85.01306553,2026-09-25
RWF,0.0006775670026489907,1475.8688013,2026-09-25
SAR,0.26666666666666666,3.75,2026-09-25
SBD,0.12441204005131613,8.03780727,2026-09-25
SCR,0.06976824643437307,14.33316804,2026-09-25
SDG,0.0016661402804686479,600.1895589,2026-09-25
SEK,0.10069360575061989,9.9311172,2026-09-25
SGD,0.78162734281267,1.27938206,2026-09-25
SHP,1.3211496036121815,0.75691655,2026-09-25
SLE,0.04361100187548503,22.92999374,2026-09-25
SOS,0.0017524104624831332,570.64256429,2026-09-25
SRD,0.026479430851198017,37.76516216,2026-09-25
SSP,0.00017505188844314258,5712.5919,2026-09-25
STN,0.04614427690278356,21.67115983,2026-09-25
SVC,0.11428571428571428,8.75,2026-09-25
SYP,7.689908439910244e-05,13004.05600163,2026-09-25
SZL,0.06087436266239165,16.42727671,2026-09-25
THB,0.029894382670703722,33.45110053,2026-09-25
TJS,0.10847786670273801,9.21847037,2026-09-25
TMT,0.28490530524020774,3.50993815,2026-09-25
TND,0.3381031757273945,2.95767704,2026-09-25
TOP,0.41523738153599316,2.40826102,2026-09-25
TTD,0.1470662395608155,6.7996571,2026-09-25
TWD,0.031464009678888176,31.78234466,2026-09-25
TZS,0.00037786480710497937,2646.44915641,2026-09-25
UAH,0.02223813630697707,44.96779704,2026-09-25
UGX,0.0002545583311327778,3928.37270558,2026-09-25
USD,1.0,1,2026-09-25
UYU,0.02496226261926367,40.06047109,2026-09-25
UZS,8.463288114081365e-05,11815.7385938,2026-09-25
VES,0.0011719056659284905,853.31100367,2026-09-25
VND,3.849039994550423e-05,25980.50426641,2026-09-25
VUV,0.008438363928427424,118.50638447,2026-09-25
WST,0.36159944241944536,2.76549099,2026-09-25
XAF,0.0017332924700759057,576.93667818,2026-09-25
XCD,0.3693672700987746,2.70733246,2026-09-25
XCG,0.5548795581205541,1.8021929,2026-09-25
XOF,0.0017332924700759057,576.93667818,2026-09-25
XPF,0.009527769455350558,104.9563599,2026-09-25
YER,0.004226751145873927,236.5883312,2026-09-25
ZAR,0.06087436266239165,16.42727671,2026-09-25
ZMW,0.051150566625823755,19.55012556,2026-09-25
ZWG,0.037541762606439884,26.63700185,2026-09-25
